related_comments,comments,views,related_views
76,3899,1556837,23403
14,3899,1556837,1467
6,3899,1556837,1038
15,3899,1556837,5290
17,3899,1556837,2072
0,3899,1556837,1336
1,3899,1556837,260
47,3899,1556837,11270
7,3899,1556837,87
1,3899,1556837,231
4,3899,1556837,1035
4,3899,1556837,1248
16,3899,1556837,3777
15,3899,1556837,288
0,3899,1556837,297
0,3899,1556837,1118
60,3899,1556837,38383
0,30,224066,356
0,30,224066,251
21,30,224066,854
0,30,224066,63
0,30,224066,3887
0,30,224066,1452
0,30,224066,62
3,30,224066,2869
1,30,224066,217
0,30,224066,191
0,30,224066,220
0,30,224066,138
0,30,224066,746
0,30,224066,247
29,30,224066,7079
3,30,224066,907
24,874,161916,4148
3,874,161916,318
15,874,161916,1324
26,874,161916,4273
10,874,161916,1549
29,874,161916,2194
2,874,161916,187
35,874,161916,1552
70,874,161916,3248
0,874,161916,247
1,874,161916,536
19,874,161916,1139
0,874,161916,1118
0,874,161916,1164
7,874,161916,425
0,874,161916,962
10,57,128179,6421
1,57,128179,1418
0,57,128179,264
1,57,128179,385
0,57,128179,89
0,57,128179,89
0,57,128179,988
0,57,128179,43
2,57,128179,1482
0,57,128179,3416
714,57,128179,293328
14,57,128179,9113
0,57,128179,1029
16,57,128179,3809
43,57,128179,9013
1,57,128179,2530
8,57,128179,2132
4,57,128179,1852
5,123,81667,1642
0,123,81667,166
58,123,81667,38485
1,123,81667,1887
24,123,81667,170030
19,123,81667,33912
40,123,81667,16278
61,61,73467,73467
170,61,73467,224801
4,180,61685,431
2,180,61685,200
0,180,61685,88
150,150,60082,60082
2,45,54612,316
12,45,54612,6111
0,45,54612,1310
1,45,54612,5885
2,45,54612,988
4,45,54612,440
0,45,54612,592
1,45,54612,1698
2,45,54612,242
1,45,54612,316
7,418,52959,2026
13,418,52959,1456
8,418,52959,444
20,418,52959,420
10,418,52959,346
2,98,52480,381
0,98,52480,3261
30,98,52480,25477
15,98,52480,69944
13,98,52480,13989
2,98,52480,4966
3,98,52480,4608
8,98,52480,11834
1,98,52480,4406
8,98,52480,29621
3,98,52480,5852
2,98,52480,4519
30,98,52480,6433
4,98,52480,3943
0,92,51964,5
0,92,51964,9
0,92,51964,15
13,92,51964,1057
2,92,51964,392
8,92,51964,1821
2,65,50007,437
2,65,50007,960
4,65,50007,1661
6,65,50007,5295
6,65,50007,4577
29,65,50007,15575
5,65,50007,1171
3,65,50007,690
0,65,50007,932
2,65,50007,3214
3,65,50007,1862
0,65,50007,1110
1,65,50007,145
0,65,50007,292
4,65,50007,4090
2,65,50007,541
2,65,50007,669
10,65,50007,3356
9,17,41456,10302
3,17,41456,4670
19,17,41456,35239
5,17,41456,11918
12,17,41456,19537
13,17,41456,7620
12,17,41456,15267
7,17,41456,5492
6,17,41456,4151
0,17,41456,6042
16,17,41456,6806
4,17,41456,2663
3,17,41456,9469
4,17,41456,5866
0,17,41456,4302
0,17,41456,2255
3,17,41456,1251
3,929,38212,295
3,929,38212,212
4,929,38212,968
1,929,38212,1759
3,929,38212,1424
0,929,38212,1259
265,929,38212,305238
22,130,33175,16908
103,130,33175,71374
42,130,33175,23758
22,130,33175,28363
15,130,33175,1739
0,130,33175,1119
5,130,33175,3157
4,130,33175,1354
4,130,33175,331
4,130,33175,44
9,130,33175,5311
16,130,33175,11161
1055,398,32717,95628
247,398,32717,26772
176,398,32717,24118
331,398,32717,21540
197,398,32717,19723
363,398,32717,20462
59,398,32717,6155
0,398,32717,469
0,398,32717,351
0,398,32717,425
4,398,32717,574
1,398,32717,333
2,398,32717,380
2,398,32717,437
15,398,32717,801
13,398,32717,1134
8,398,32717,942
1,398,32717,458
1,398,32717,165
4,398,32717,226
33,9,31294,20437
8,9,31294,7324
0,9,31294,478
4,9,31294,30750
8,9,31294,9459
7,9,31294,7016
11,9,31294,4404
30,9,31294,10004
17,9,31294,15253
3,9,31294,8663
96,9,31294,69581
5,9,31294,4921
22,9,31294,7657
5,9,31294,3845
2,9,31294,4047
20,77,30632,25786
10,77,30632,7033
42,77,30632,39610
25,77,30632,22181
106,77,30632,54471
2862,86,30555,13881
27,86,30555,4627
133,86,30555,6233
30,86,30555,6353
37,86,30555,2784
32,86,30555,3110
13,86,30555,1398
11,86,30555,1905
133,86,30555,647
3,86,30555,741
35,86,30555,1443
16,86,30555,933
3,86,30555,182
14,86,30555,826
3,86,30555,405
5,86,30555,203
0,86,30555,48
9,86,30555,2113
60,44,27090,21455
10,44,27090,9944
25,44,27090,12715
13,44,27090,9188
35,44,27090,3583
12,44,27090,3361
0,13,27042,237
6,13,27042,497
52,13,27042,59159
26,13,27042,47016
3,7,26388,417
52,45,26159,14132
0,45,26159,260
1,45,26159,224
2,45,26159,475
1,45,26159,582
0,45,26159,197
2,45,26159,274
0,45,26159,113
6,45,26159,1020
1,45,26159,337
4,45,26159,136
0,45,26159,157
1,45,26159,466
3,45,26159,556
0,45,26159,115
7,36,24727,7648
6,36,24727,1187
4,36,24727,659
1,36,24727,1088
1,36,24727,662
0,36,24727,646
0,36,24727,736
0,36,24727,1079
3,36,24727,791
0,36,24727,195
1,36,24727,803
0,36,24727,192
0,36,24727,221
0,36,24727,120
0,36,24727,24
0,36,24727,283
0,36,24727,236
0,36,24727,70
44,56,24501,19506
40,56,24501,21189
56,56,24501,24501
84,56,24501,14699
169,56,24501,103854
216,56,24501,118818
62,56,24501,76942
116,56,24501,96993
124,56,24501,120964
98,56,24501,110717
64,56,24501,101008
146,56,24501,85198
43,56,24501,59815
43,56,24501,43929
0,42,24337,1164
0,42,24337,1118
0,42,24337,962
157,42,24337,106701
12,42,24337,7067
8,42,24337,1055
12,42,24337,4422
39,42,24337,9729
0,34,24227,53
58,34,24227,1914
0,34,24227,30
6,34,24227,1671
4,34,24227,1186
22,34,24227,4598
23,34,24227,3416
9,34,24227,2377
0,34,24227,56
92,34,24227,8146
8,34,24227,1351
10,34,24227,2822
1055,176,24118,95628
331,176,24118,21540
398,176,24118,32717
363,176,24118,20462
247,176,24118,26772
197,176,24118,19723
59,176,24118,6155
4,176,24118,574
1,176,24118,333
0,176,24118,351
2,176,24118,437
2,176,24118,380
0,176,24118,469
15,176,24118,801
13,176,24118,1134
8,176,24118,942
1,176,24118,458
0,176,24118,218
1,176,24118,1195
3899,76,23403,1556837
47,76,23403,11270
6,76,23403,1038
14,76,23403,1467
15,76,23403,5290
17,76,23403,2072
1,76,23403,231
1,76,23403,260
0,76,23403,1336
4,76,23403,1035
7,76,23403,87
4,76,23403,1248
15,76,23403,288
16,76,23403,3777
0,76,23403,297
0,76,23403,1118
60,76,23403,38383
11,74,21979,7358
1,74,21979,506
0,74,21979,267
12,74,21979,10467
0,74,21979,622
24,74,21979,24978
7,74,21979,1657
2,74,21979,3704
2,74,21979,745
3,5,21924,4901
23,1015,21913,706
5,1015,21913,438
9,1015,21913,347
4,1015,21913,237
1,1015,21913,156
5,1015,21913,336
1,1015,21913,459
0,1015,21913,120
5,1015,21913,8095
1,1015,21913,2692
302,302,21771,21771
504,302,21771,72858
832,302,21771,193277
1055,331,21540,95628
398,331,21540,32717
247,331,21540,26772
176,331,21540,24118
197,331,21540,19723
363,331,21540,20462
59,331,21540,6155
0,331,21540,425
4,331,21540,574
0,331,21540,351
1,331,21540,333
2,331,21540,380
2,331,21540,437
0,331,21540,469
15,331,21540,801
13,331,21540,1134
8,331,21540,942
1,331,21540,458
0,331,21540,218
1,331,21540,1195
44,40,21189,19506
40,40,21189,21189
56,40,21189,24501
84,40,21189,14699
169,40,21189,103854
216,40,21189,118818
62,40,21189,76942
116,40,21189,96993
124,40,21189,120964
98,40,21189,110717
64,40,21189,101008
146,40,21189,85198
43,40,21189,59815
43,40,21189,43929
1055,363,20462,95628
398,363,20462,32717
331,363,20462,21540
247,363,20462,26772
176,363,20462,24118
197,363,20462,19723
59,363,20462,6155
0,363,20462,425
4,363,20462,574
0,363,20462,351
1,363,20462,333
2,363,20462,380
2,363,20462,437
0,363,20462,469
15,363,20462,801
13,363,20462,1134
8,363,20462,942
1,363,20462,458
0,363,20462,218
1,363,20462,1195
20,56,20337,2403
0,56,20337,789
3,56,20337,447
5,56,20337,523
4,56,20337,1042
19,56,20337,1677
0,56,20337,162
1,56,20337,210
0,56,20337,188
0,56,20337,176
0,56,20337,316
4,56,20337,209
0,56,20337,202
0,56,20337,94
2,56,20337,518
0,56,20337,15
1055,197,19723,95628
398,197,19723,32717
176,197,19723,24118
247,197,19723,26772
331,197,19723,21540
363,197,19723,20462
2,197,19723,380
0,197,19723,425
59,197,19723,6155
0,197,19723,351
1,197,19723,333
0,197,19723,469
2,197,19723,437
4,197,19723,574
4,197,19723,226
15,197,19723,801
8,197,19723,942
1,197,19723,458
1,197,19723,189
0,197,19723,218
44,44,19506,19506
40,44,19506,21189
56,44,19506,24501
84,44,19506,14699
169,44,19506,103854
216,44,19506,118818
62,44,19506,76942
116,44,19506,96993
124,44,19506,120964
98,44,19506,110717
64,44,19506,101008
146,44,19506,85198
43,44,19506,59815
43,44,19506,43929
119,141,18799,43768
110,141,18799,45187
8,141,18799,10286
12,141,18799,11529
28,141,18799,22237
31,141,18799,4529
6,141,18799,2746
4,141,18799,1430
2,141,18799,524
2,141,18799,2548
5,141,18799,4909
0,141,18799,858
0,141,18799,247
1,141,18799,195
0,141,18799,200
1,141,18799,197
0,141,18799,89
1,141,18799,820
3,141,18799,1702
60,63,18645,21455
4,63,18645,3958
25,63,18645,27399
4,63,18645,11250
12,63,18645,2652
13,63,18645,9188
25,63,18645,12715
19,63,18645,9324
0,26,18377,56
4,26,18377,826
769,26,18377,125157
8,26,18377,1213
7,26,18377,672
0,26,18377,240
2,26,18377,505
3,7,18323,26072
14,7,18323,78560
11,65,17730,20398
4,65,17730,2213
9,14,17703,10580
4,14,17703,546
3,14,17703,1674
17,14,17703,1811
14,14,17703,2057
5,14,17703,2871
6,14,17703,1337
0,14,17703,1388
8,14,17703,10330
11,14,17703,1136
14,14,17703,883
5,14,17703,496
1,14,17703,49
2,14,17703,372
4,14,17703,3972
0,2,17667,314
30,2,17667,4804
6,2,17667,6149
16,2,17667,1839
3,2,17667,12943
11,2,17667,2611
15,2,17667,602
4,2,17667,682
6,2,17667,4483
10,2,17667,679
1,2,17667,2463
4,2,17667,1023
7,2,17667,954
4,2,17667,1273
6,2,17667,988
10,2,17667,1064
63,26,17625,50257
9,10,17591,35645
1,10,17591,542
21,10,17591,170159
13,10,17591,33678
3,10,17591,5939
16,10,17591,37655
2,10,17591,23286
25,10,17591,107625
7,2,17422,3663
0,2,17422,4658
0,2,17422,46
3,2,17422,243
6,150,16955,389
10,150,16955,9050
1,150,16955,39
27,150,16955,28588
37,150,16955,21952
36,150,16955,51218
14,150,16955,29488
7,150,16955,20471
39,150,16955,55532
15,150,16955,39462
0,0,16848,237
0,0,16848,91
0,0,16848,7006
0,0,16848,1196
0,0,16848,804
0,0,16848,1940
0,0,16848,3124
1,0,16848,10563
0,0,16848,1921
4,0,16848,5343
0,0,16848,690
0,0,16848,2927
0,0,16848,114
45,29,16758,1854
9,29,16758,4423
39,29,16758,9668
8,29,16758,5070
14,29,16758,12077
4,29,16758,3252
41,15,16017,44741
18,15,16017,15961
25,15,16017,24931
2,15,16017,2011
41,18,15961,44741
25,18,15961,24931
15,18,15961,16017
2,18,15961,2011
0,0,15122,115
0,0,15122,61
0,0,15122,28
0,0,15122,44
0,0,15122,22
0,0,15122,38
0,0,15122,7513
0,0,15122,11693
0,0,15122,9912
0,0,15122,12160
0,0,15122,11780
0,0,15122,15122
0,0,15122,14070
0,0,15122,222
0,0,15122,73
0,0,15122,179
0,0,15122,146
0,0,15122,174
0,0,15122,137
0,0,15122,86
0,1,15087,7509
2,1,15087,88
6,1,15087,34445
11,1,15087,7898
7,1,15087,5065
126,3,14928,201863
68,3,14928,109635
35,3,14928,48470
49,3,14928,107133
51,3,14928,67983
12,3,14928,26857
14,3,14928,21699
15,3,14928,57451
45,3,14928,89441
4,3,14928,5042
18,3,14928,19714
6,3,14928,31040
3,3,14928,4152
6,3,14928,18181
2,3,14928,8379
3,3,14928,7793
12,3,14928,17412
1,3,14928,2453
19,27,14882,2483
40,27,14882,11298
12,27,14882,2037
13,27,14882,1271
17,27,14882,7410
18,27,14882,2072
21,27,14882,4911
5,27,14882,736
3,27,14882,1214
12,27,14882,938
6,27,14882,2109
28,27,14882,2853
7,27,14882,806
9,27,14882,2378
5,27,14882,2643
17,27,14882,8147
4,27,14882,1038
44,84,14699,19506
40,84,14699,21189
56,84,14699,24501
84,84,14699,14699
169,84,14699,103854
216,84,14699,118818
62,84,14699,76942
116,84,14699,96993
124,84,14699,120964
98,84,14699,110717
64,84,14699,101008
146,84,14699,85198
43,84,14699,59815
43,84,14699,43929
0,8,14117,237
6,8,14117,2906
1,8,14117,2573
12,8,14117,8509
3,8,14117,1694
3,8,14117,1133
0,8,14117,732
10,8,14117,8668
0,8,14117,704
1,8,14117,875
1,8,14117,1426
0,8,14117,449
2,8,14117,1173
3,8,14117,401
3,8,14117,2853
3,8,14117,504
0,8,14117,3017
0,0,14070,115
0,0,14070,61
0,0,14070,28
0,0,14070,44
0,0,14070,22
0,0,14070,38
0,0,14070,7513
0,0,14070,11693
0,0,14070,9912
0,0,14070,12160
0,0,14070,11780
0,0,14070,15122
0,0,14070,14070
0,0,14070,222
0,0,14070,73
0,0,14070,179
0,0,14070,146
0,0,14070,174
0,0,14070,137
0,0,14070,86
9,278,13856,475
0,30,13824,150
0,30,13824,197
36,30,13824,917
16,30,13824,1007
11,30,13824,2168
0,30,13824,239
0,30,13824,75
1,30,13824,2056
0,10,12718,1060
5,10,12718,6617
3,10,12718,5975
4,10,12718,500
24,10,12718,5865
2,10,12718,856
271,10,12718,24503
195,10,12718,36196
57,10,12718,16202
77,10,12718,41475
35,10,12718,7655
32,10,12718,5779
16,10,12718,10558
29,10,12718,10353
55,10,12718,20625
12,10,12718,3159
0,11,12394,267
17,11,12394,1814
1,11,12394,2130
16,11,12394,1015
3,11,12394,556
17,11,12394,6535
2,11,12394,2513
4,11,12394,705
3,11,12394,948
1,11,12394,1059
3,11,12394,576
0,11,12394,301
1,11,12394,3841
2,11,12394,698
6,11,12394,4388
2,0,12258,2145
0,0,12258,1185
37,0,12258,42270
26,0,12258,34291
39,127,12226,24940
23,127,12226,1030
9,127,12226,1971
3,127,12226,769
1,127,12226,744
4,127,12226,1333
17,127,12226,1806
245,127,12226,101854
304,127,12226,61641
19,127,12226,1255
7,127,12226,1195
17,127,12226,3770
77,127,12226,15096
122,127,12226,16112
3,127,12226,210
12,127,12226,1057
22,127,12226,4800
20,127,12226,6817
1,127,12226,85
6,127,12226,153
0,0,12160,115
0,0,12160,61
0,0,12160,28
0,0,12160,44
0,0,12160,22
0,0,12160,38
0,0,12160,7513
0,0,12160,11693
0,0,12160,9912
0,0,12160,12160
0,0,12160,11780
0,0,12160,15122
0,0,12160,14070
0,0,12160,222
0,0,12160,73
0,0,12160,179
0,0,12160,146
0,0,12160,174
0,0,12160,137
0,0,12160,86
17,4,12048,3241
20,4,12048,14927
30,4,12048,1851
52,4,12048,61077
0,0,11780,115
0,0,11780,61
0,0,11780,28
0,0,11780,44
0,0,11780,22
0,0,11780,38
0,0,11780,7513
0,0,11780,11693
0,0,11780,9912
0,0,11780,12160
0,0,11780,11780
0,0,11780,15122
0,0,11780,14070
0,0,11780,222
0,0,11780,73
0,0,11780,179
0,0,11780,146
0,0,11780,174
0,0,11780,137
0,0,11780,86
15,5,11708,19807
5,5,11708,2549
7,5,11708,10622
0,5,11708,1562
1,5,11708,1671
0,5,11708,1902
1,5,11708,1601
0,5,11708,1362
0,5,11708,205
0,5,11708,224
0,5,11708,149
0,5,11708,169
0,5,11708,88
1,5,11708,1187
0,5,11708,171
0,5,11708,110
8,5,11708,1182
0,5,11708,70
0,5,11708,231
0,5,11708,231
5,16,11708,1227
104,16,11708,80310
219,16,11708,69362
9,16,11708,3023
6,16,11708,9234
79,16,11708,27668
38,16,11708,3731
3,16,11708,2828
13,16,11708,2205
22,16,11708,1772
3,16,11708,1159
4,16,11708,1534
14,16,11708,6406
7,16,11708,4578
2,16,11708,1077
0,0,11693,115
0,0,11693,61
0,0,11693,28
0,0,11693,44
0,0,11693,22
0,0,11693,38
0,0,11693,7513
0,0,11693,11693
0,0,11693,9912
0,0,11693,12160
0,0,11693,11780
0,0,11693,15122
0,0,11693,14070
0,0,11693,222
0,0,11693,73
0,0,11693,179
0,0,11693,146
0,0,11693,174
0,0,11693,137
0,0,11693,86
21,11,11459,7543
9,11,11459,6663
22,11,11459,9949
20,11,11459,8408
25,11,11459,8588
3899,47,11270,1556837
76,47,11270,23403
6,47,11270,1038
14,47,11270,1467
15,47,11270,5290
17,47,11270,2072
1,47,11270,231
1,47,11270,260
0,47,11270,1336
4,47,11270,1248
7,47,11270,87
4,47,11270,1035
15,47,11270,288
16,47,11270,3777
0,47,11270,297
0,47,11270,1118
60,47,11270,38383
0,4,11250,6504
0,4,11250,3183
4,4,11250,11250
1,4,11250,5020
1,4,11250,4422
14,4,11250,5088
0,4,11250,676
0,4,11250,822
1,4,11250,487
3,4,11250,2662
1,4,11250,424
1,4,11250,3686
1,4,11250,592
0,4,11250,531
1,4,11250,518
1,4,11250,488
0,4,11250,512
13,4,11250,5345
2,4,11250,79721
25,4,11250,27399
26,682,10919,354
32,682,10919,272
0,682,10919,78
0,1,10637,584
0,1,10637,75
1,1,10637,166
2,1,10637,215
6,1,10637,674
0,1,10637,132
0,1,10637,39
0,1,10637,42
0,33,10635,149
0,33,10635,78
2,33,10635,148
6,33,10635,1660
0,33,10635,169
0,33,10635,97
0,33,10635,82
0,33,10635,55
0,33,10635,65
15,7,10622,19807
5,7,10622,11708
5,7,10622,2549
0,7,10622,1562
1,7,10622,1671
0,7,10622,1902
1,7,10622,1601
0,7,10622,1362
0,7,10622,205
0,7,10622,224
0,7,10622,149
2,7,10622,147
0,7,10622,169
0,7,10622,88
1,7,10622,1187
0,7,10622,171
0,7,10622,110
8,7,10622,1182
0,7,10622,231
0,7,10622,231
0,1,10563,3124
0,1,10563,1921
0,1,10563,1940
0,1,10563,804
0,1,10563,1196
0,1,10563,2927
0,1,10563,16848
0,1,10563,237
4,1,10563,9932
0,1,10563,63
0,1,10563,91
0,1,10563,374
2,1,10563,818
0,1,10563,218
2,1,10563,277
37,70,10410,9641
43,70,10410,8890
67,70,10410,16406
39,70,10410,13654
12,70,10410,10753
32,70,10410,12993
20,70,10410,9959
85,70,10410,25041
30,70,10410,10988
17,70,10410,10252
25,70,10410,10661
0,12,10102,64
4,12,10102,3655
6,12,10102,3487
0,12,10102,1138
0,12,10102,719
0,12,10102,323
1,12,10102,1676
0,12,10102,1830
0,12,10102,797
126,10,9944,201863
5,10,9944,10933
0,10,9944,2778
45,10,9944,89441
0,10,9944,1601
51,10,9944,67983
13,10,9944,2489
2,10,9944,8376
1,10,9944,392
12,10,9944,26857
6,10,9944,864
15,10,9944,57451
4,10,9944,689
14,10,9944,21699
2,10,9944,215
6,10,9944,1225
0,10,9944,3548
0,10,9944,14328
2,0,9934,9672
0,0,9934,195
2,0,9934,1786
1,0,9934,292
0,0,9934,41
0,0,9934,30
0,0,9934,18
4,0,9934,1041
5,0,9934,749
0,0,9934,194
3,0,9934,781
1,0,9934,224
9,0,9934,2823
1,0,9934,16355
18,0,9934,2417
9,0,9934,2351
0,0,9912,115
0,0,9912,61
0,0,9912,28
0,0,9912,44
0,0,9912,22
0,0,9912,38
0,0,9912,7513
0,0,9912,11693
0,0,9912,9912
0,0,9912,12160
0,0,9912,11780
0,0,9912,15122
0,0,9912,14070
0,0,9912,222
0,0,9912,73
0,0,9912,179
0,0,9912,146
0,0,9912,174
0,0,9912,137
0,0,9912,86
0,1,9823,2517
0,1,9823,6739
0,15,9756,216
0,15,9756,169
0,15,9756,232
0,15,9756,415
0,15,9756,320
0,15,9756,565
0,15,9756,286
1,15,9756,534
1,15,9756,532
0,15,9756,433
2,15,9756,140
2,15,9756,1580
15,15,9756,3128
15,15,9756,9756
11,15,9756,4113
20,15,9756,7027
3,15,9756,589
2,15,9756,946
8,15,9756,4130
11,15,9756,1558
0,2,9727,6749
0,2,9727,6631
0,2,9727,6113
4,2,9727,13841
1,2,9727,8010
3,2,9727,87031
2,2,9727,65931
2,2,9727,56556
70,37,9641,10410
43,37,9641,8890
67,37,9641,16406
39,37,9641,13654
12,37,9641,10753
32,37,9641,12993
20,37,9641,9959
85,37,9641,25041
30,37,9641,10988
17,37,9641,10252
25,37,9641,10661
1,12,9618,775
11,16,9343,8758
10,16,9343,7327
7,16,9343,6038
3,16,9343,5761
10,16,9343,6065
5,16,9343,5209
7,16,9343,5098
13,16,9343,3376
1,16,9343,601
0,16,9343,539
11,386,9334,286
1,386,9334,40
3,386,9334,45
2,386,9334,52
4,386,9334,20
6,386,9334,42
0,386,9334,38
0,386,9334,14
0,386,9334,58
0,386,9334,78
4,386,9334,170
20,386,9334,602
0,386,9334,49
16,386,9334,4529
6,386,9334,3543
5,386,9334,813
7,386,9334,1106
8,386,9334,1733
1,386,9334,646
3,6,9069,6554
1,6,9069,3559
4,6,9069,1855
2,6,9069,6022
1,6,9069,687
0,6,9069,5398
6,6,9069,5207
6,6,9069,768
0,6,9069,79
1,6,9069,314
14,6,9069,3812
0,6,9069,673
77,6,9069,57309
6,6,9069,2813
7,26,9027,4466
0,26,9027,1556
0,26,9027,365
0,26,9027,201
9,26,9027,9216
2,26,9027,415
4,26,9027,536
0,26,9027,144
0,26,9027,73
0,26,9027,32
29,26,9027,20832
16,26,9027,11757
15,26,9027,34671
6,26,9027,20374
0,26,9027,2029
16,26,9027,31459
10,26,9027,7236
13,7,8901,6043
1,7,8901,2009
9,7,8901,4817
6,7,8901,3357
0,7,8901,90
0,7,8901,10
0,0,795127,3777
0,0,795127,795127
62,2443,794806,3992
4,2443,794806,1259
0,2443,794806,11029
24,2443,794806,872
0,2443,794806,1488
0,2443,794806,1164
0,2443,794806,153
0,2443,794806,1118
1,2443,794806,34
2,2443,794806,590
9,2443,794806,1050
0,2443,794806,962
1,2443,794806,33
0,2443,794806,28
0,2443,794806,202
12,2443,794806,343
1,800,479183,410
3,800,479183,192
1,800,479183,129
2,800,479183,97
0,800,479183,71
4,800,479183,1390
0,800,479183,15
0,800,479183,16
22,800,479183,330
11,800,479183,182
18,800,479183,1100
11,800,479183,1165
1,800,479183,261
3,800,479183,242
3,800,479183,211
0,392,378615,0
0,392,378615,0
0,392,378615,11
0,392,378615,10
0,392,378615,0
0,392,378615,0
0,392,378615,15
0,392,378615,0
0,392,378615,0
0,392,378615,16
0,392,378615,0
0,392,378615,0
0,392,378615,0
0,392,378615,0
0,392,378615,0
0,392,378615,0
0,392,378615,0
47,197,305838,167504
21,197,305838,2993
197,197,305838,305838
24,197,305838,8615
35,197,305838,41078
37,197,305838,52973
36,197,305838,49198
933,197,305838,1922218
3,665,291795,218
5,665,291795,171
0,665,291795,127
0,665,291795,107
1,665,291795,77
0,665,291795,38
0,665,291795,37
0,665,291795,1315
3,665,291795,216
8,665,291795,2762
3,665,291795,587
8,665,291795,458
2,916,280300,2273
12,916,280300,13994
0,916,280300,1118
0,916,280300,1164
0,916,280300,962
5,916,280300,9360
0,916,280300,389
6,916,280300,3861
1,916,280300,296
51,916,280300,47232
46,916,280300,27552
3,916,280300,2366
14,916,280300,24102
30,916,280300,30220
11,916,280300,16341
4,290,268460,3284
34,290,268460,48875
10,290,268460,2190
13,290,268460,2784
9,290,268460,3704
6,290,268460,2215
4,290,268460,2887
0,290,268460,697
25,752,228482,1543
2,752,228482,506
8,752,228482,703
2,752,228482,297
0,752,228482,116
0,752,228482,286
0,752,228482,83
0,752,228482,255
12,752,228482,1750
0,752,228482,117
0,752,228482,19
23,752,228482,1710
2,752,228482,474
1,752,228482,138
2,752,228482,557
61,170,224801,73467
170,170,224801,224801
38,3065,221071,2219
0,3065,221071,1821
15,3065,221071,772
34,3065,221071,2670
3,3065,221071,94
3,3065,221071,61
7,3065,221071,1225
71,3065,221071,3082
1,3065,221071,218
11,3065,221071,525
0,3065,221071,8
2,3065,221071,1260
10,3065,221071,2190
10,3065,221071,1421
1,3065,221071,52
6,3065,221071,143
63,3065,221071,6889
1,3065,221071,16
0,23,220852,22
0,107,212918,175
4,107,212918,3342
4,107,212918,1600
1,107,212918,587
1,107,212918,580
1,107,212918,324
1,107,212918,1161
0,107,212918,105
0,236,206149,1118
0,236,206149,962
29,236,206149,32579
16,236,206149,4529
6,236,206149,3543
153,236,206149,22648
5,236,206149,813
9,721,197272,740
0,721,197272,159
0,721,197272,38
60,721,197272,38383
3,721,197272,60
302,832,193277,21771
504,832,193277,72858
832,832,193277,193277
0,96,174710,4575
0,96,174710,500
1,96,174710,289
4,96,174710,418
2,96,174710,34
0,96,174710,547
0,96,174710,43
5,604,171841,1869
118,604,171841,17955
8,604,171841,2291
2,604,171841,1859
1,604,171841,1605
11,604,171841,4728
0,604,171841,398
2,604,171841,3186
3,604,171841,711
0,604,171841,956
0,604,171841,177
0,604,171841,2371
47,47,167504,167504
21,47,167504,2993
197,47,167504,305838
24,47,167504,8615
35,47,167504,41078
37,47,167504,52973
36,47,167504,49198
933,47,167504,1922218
32,1445,163277,8088
53,1445,163277,7360
203,1445,163277,59045
0,1445,163277,226
0,1445,163277,722
0,1445,163277,121
0,1445,163277,1118
0,1445,163277,962
0,1445,163277,1164
32,1445,163277,4760
4,1445,163277,1443
1,1445,163277,509
3,1445,163277,707
1,1445,163277,235
1,1445,163277,1004
3,1445,163277,171
6,1445,163277,1705
3,1445,163277,534
129,941,161826,16203
18,941,161826,15474
20,941,161826,2537
70,941,161826,4454
1,941,161826,129
12,941,161826,493
0,941,161826,3926
3,941,161826,175
8,941,161826,522
7,941,161826,183
0,941,161826,26
3,941,161826,193
6,580,159521,3207
14,580,159521,3551
0,580,159521,469
14,580,159521,4616
23,580,159521,6590
2,580,159521,2776
8,580,159521,1953
46,580,159521,15090
25,580,159521,25227
30,580,159521,26818
41,580,159521,44607
51,580,159521,24713
30,580,159521,14896
28,580,159521,17516
14,580,159521,4793
60,580,159521,22400
43,580,159521,15128
5,89,155942,2360
2,89,155942,960
9,157,154080,3116
8,157,154080,681
0,157,154080,628
0,157,154080,85
27,157,154080,7481
1,157,154080,56
0,157,154080,69
2,157,154080,536
9,157,154080,2479
58,378,143678,21952
49,378,143678,18879
45,378,143678,16928
10,378,143678,3780
4,378,143678,2110
4,378,143678,1598
39,378,143678,3439
2,378,143678,2878
4,378,143678,1988
1,378,143678,1360
2,378,143678,662
5,378,143678,847
4,378,143678,441
2,378,143678,100
8,378,143678,4346
15,378,143678,1418
1,378,143678,131
1,378,143678,122
11,378,143678,3677
7,543,141652,3312
236,543,141652,206149
0,543,141652,5289
0,543,141652,1118
28,543,141652,15712
1,543,141652,276
14,543,141652,3821
308,543,141652,14687
41,543,141652,14916
18,543,141652,3829
3,543,141652,300
0,543,141652,962
2,543,141652,181
0,543,141652,25
16,543,141652,3441
0,543,141652,151
14,0,135216,839
71,0,135216,64241
19,0,135216,3895
7,0,135216,4933
4,0,135216,1217
19,0,135216,7119
16,0,135216,5666
3,0,135216,3723
15,0,135216,4339
5,0,135216,2520
0,0,135216,112
3,0,135216,4028
5,0,135216,2679
1,0,135216,2218
2,0,135216,3110
13,0,135216,1621
0,131,128106,208
0,131,128106,1118
0,131,128106,1164
0,131,128106,962
24,131,128106,11583
16,131,128106,14331
0,131,128106,1503
3,131,128106,2768
1,131,128106,7934
0,131,128106,1587
0,131,128106,1556
6,131,128106,5009
7,131,128106,12130
3,131,128106,3537
2,131,128106,1067
1,131,128106,450
0,131,128106,194
1,131,128106,1003
123,80,125663,8363
775,80,125663,37220
0,80,125663,3371
53,80,125663,3498
2,80,125663,1882
2,80,125663,2183
1,80,125663,7009
0,80,125663,2810
0,80,125663,316
0,80,125663,22
62,80,125663,41623
2,80,125663,218
4,80,125663,3714
13,80,125663,10806
66,80,125663,12381
63,80,125663,34187
14,769,125157,1723
13,769,125157,7526
1,769,125157,598
0,769,125157,398
1,926,124668,201
0,926,124668,145
13,926,124668,565
2,926,124668,45
2,926,124668,234
1,926,124668,345
1,926,124668,376
2,926,124668,193
0,926,124668,356
6,926,124668,437
13,926,124668,185
0,926,124668,59
1,926,124668,88
0,56,121991,56
0,56,121991,1766
728,56,121991,677664
2,13,119280,80281
2,13,119280,16927
0,13,119280,10772
0,13,119280,6014
6,13,119280,145145
27,13,119280,116900
5,13,119280,103311
3,13,119280,238283
1,13,119280,239184
1,13,119280,163466
0,13,119280,182167
0,13,119280,181872
0,13,119280,162828
0,13,119280,171097
1,13,119280,137144
1,13,119280,137492
0,13,119280,139765
0,13,119280,128861
6,13,119280,40577
0,13,119280,112802
5,27,116900,103311
6,27,116900,40577
13,27,116900,119280
0,27,116900,39269
2,27,116900,80281
0,27,116900,58836
1,27,116900,56799
2,27,116900,63453
0,27,116900,49245
0,27,116900,37694
0,27,116900,48479
3,27,116900,40824
0,27,116900,40200
2,27,116900,16927
0,27,116900,10772
0,27,116900,38200
126,27,116900,201863
68,27,116900,109635
45,27,116900,89441
35,27,116900,48470
10,130,112549,626
6,130,112549,2143
17,130,112549,3667
5,130,112549,2153
2,130,112549,1694
12,130,112549,5051
0,130,112549,409
0,130,112549,217
0,130,112549,425
0,130,112549,171
0,130,112549,38
0,33,107981,1735
8,33,107981,29621
98,33,107981,52480
2,33,107981,2795
3,33,107981,4608
1,33,107981,1614
2,33,107981,4966
2,33,107981,2655
1,33,107981,1468
1,33,107981,2223
0,33,107981,782
0,33,107981,2504
0,33,107981,315
0,33,107981,53
1,33,107981,325
0,33,107981,1686
1,33,107981,5276
0,33,107981,3261
30,33,107981,25477
27,5,103311,116900
6,5,103311,40577
13,5,103311,119280
0,5,103311,39269
2,5,103311,80281
0,5,103311,58836
1,5,103311,56799
2,5,103311,63453
0,5,103311,49245
0,5,103311,37694
0,5,103311,48479
3,5,103311,40824
0,5,103311,40200
2,5,103311,16927
0,5,103311,10772
0,5,103311,38200
126,5,103311,201863
68,5,103311,109635
45,5,103311,89441
35,5,103311,48470
284,284,99422,99422
6,399,98650,3385
25,399,98650,13044
2,399,98650,745
0,399,98650,477
4,399,98650,369
4,399,98650,336
2,399,98650,1222
2,399,98650,235
398,1055,95628,32717
176,1055,95628,24118
247,1055,95628,26772
197,1055,95628,19723
331,1055,95628,21540
363,1055,95628,20462
2,1055,95628,380
0,1055,95628,425
59,1055,95628,6155
0,1055,95628,351
1,1055,95628,333
0,1055,95628,469
2,1055,95628,437
4,1055,95628,574
4,1055,95628,226
15,1055,95628,801
8,1055,95628,942
1,1055,95628,458
1,1055,95628,189
0,1055,95628,218
5,292,92176,93
0,292,92176,43
5,292,92176,1061
24,292,92176,1951
3,292,92176,342
1,292,92176,137
7,292,92176,702
5,292,92176,5299
2,292,92176,153
5,292,92176,408
0,292,92176,724
1,292,92176,329
0,292,92176,84
0,292,92176,261
4,292,92176,11801
1,292,92176,2056
3,769,91320,133
0,769,91320,2903
1,769,91320,323
0,769,91320,361
1,769,91320,424
77,769,91320,6503
0,769,91320,1387
23,769,91320,2317
0,769,91320,897
2,769,91320,96
0,769,91320,149
0,769,91320,240
33,690,91074,11953
129,690,91074,815403
8,690,91074,5736
4,98,90592,1900
0,98,90592,311
0,98,90592,158
13,98,90592,1249
2,98,90592,739
5,98,90592,83
2,98,90592,29
5,98,90592,734
1,98,90592,202
19,98,90592,13615
5,98,90592,2428
16,112,88105,11367
3,112,88105,3050
1,112,88105,87
2,112,88105,1700
1,112,88105,1381
0,112,88105,1319
1,112,88105,4692
15,112,88105,19122
8,112,88105,1220
0,112,88105,656
0,25,87102,101225
2,25,87102,19086
2,25,87102,111544
5,25,87102,33425
2,25,87102,99097
71,351,84036,19636
11,351,84036,3145
11,351,84036,1172
32,351,84036,4760
101,351,84036,11770
92,351,84036,3815
14,351,84036,1300
7,351,84036,2857
1,351,84036,355
38,351,84036,4978
2,351,84036,544
3,351,84036,1634
12,351,84036,862
2,351,84036,224
0,351,84036,392
3,351,84036,470
0,351,84036,68
53,351,84036,7446
3,1460,82340,1089
4,1460,82340,445
8,1460,82340,1126
261,1460,82340,25266
5,1460,82340,1060
47,1460,82340,1188
2,1460,82340,67
1,1460,82340,137
0,1460,82340,139
0,1460,82340,99
1,1460,82340,158
1,1460,82340,165
1,1460,82340,174
0,1460,82340,25
13,2,80281,119280
2,2,80281,16927
0,2,80281,10772
0,2,80281,6014
6,2,80281,145145
27,2,80281,116900
5,2,80281,103311
3,2,80281,238283
1,2,80281,239184
1,2,80281,163466
0,2,80281,182167
0,2,80281,181872
0,2,80281,162828
0,2,80281,171097
1,2,80281,137144
1,2,80281,137492
0,2,80281,139765
0,2,80281,128861
6,2,80281,40577
0,2,80281,112802
0,2,79721,6504
0,2,79721,3183
4,2,79721,11250
1,2,79721,5020
1,2,79721,4422
14,2,79721,5088
0,2,79721,676
0,2,79721,822
1,2,79721,487
3,2,79721,2662
1,2,79721,424
1,2,79721,3686
1,2,79721,592
0,2,79721,531
1,2,79721,518
1,2,79721,488
0,2,79721,512
13,2,79721,5345
2,2,79721,79721
25,2,79721,27399
78,223,79687,14001
2,223,79687,747
2,223,79687,854
0,223,79687,537
1,223,79687,241
5,223,79687,1803
91,408,77940,25038
92,408,77940,16100
46,408,77940,4198
7,408,77940,248
98,408,77940,15988
10,408,77940,2190
85,408,77940,1609
5,408,77940,186
0,408,77940,841
4,408,77940,1865
2,408,77940,1988
0,408,77940,293
7,172,77247,4487
9,172,77247,3961
3,172,77247,2292
1,172,77247,753
0,172,77247,84
1,172,77247,2512
2,172,77247,431
0,172,77247,67
0,172,77247,83
1,172,77247,87
3,172,77247,529
1,172,77247,336
0,172,77247,5
0,172,77247,20
0,172,77247,38
22,172,77247,6130
2,172,77247,342
67,1776,76738,6677
137,1776,76738,4421
8,1776,76738,379
15,1776,76738,337
13,1776,76738,2647
34,1776,76738,1484
22,1776,76738,3149
22,1776,76738,1785
9,1776,76738,971
5,1776,76738,183
0,1776,76738,416
8,1776,76738,712
4,1776,76738,409
6,1776,76738,221
16,1776,76738,616
2,1776,76738,50
3,1776,76738,264
1,1776,76738,42
2,1776,76738,57
1,10,75937,1205
4,10,75937,471
4,10,75937,323
2,10,75937,94
11,10,75937,1782
1,10,75937,328
3,10,75937,3740
0,10,75937,8
207,10,75937,139844
24,10,75937,5282
3,10,75937,2423
27,10,75937,10226
5,10,75937,1722
4,10,75937,385
0,451,75717,87
1,451,75717,684
20,451,75717,2040
1,451,75717,452
0,451,75717,210
1245,451,75717,337005
7,451,75717,812
1,451,75717,187
2,451,75717,305
6,90,75349,2049
1,90,75349,2103
0,90,75349,27
1,90,75349,1207
3,90,75349,1049
11,90,75349,7982
0,90,75349,1183
4,90,75349,2762
3,90,75349,2612
4,90,75349,11597
3,90,75349,1134
3,90,75349,2550
2,90,75349,670
10,90,75349,9549
2,90,75349,370
2,90,75349,1537
2,90,75349,1280
5,90,75349,1338
2,90,75349,645
4,116,74382,1269
1,116,74382,674
0,116,74382,519
3,116,74382,2441
302,504,72858,21771
504,504,72858,72858
832,504,72858,193277
28,220,72318,59756
43,220,72318,18249
15,220,72318,25487
19,220,72318,32524
6,220,72318,3377
16,220,72318,4864
6,220,72318,2122
1,220,72318,1272
22,220,72318,9585
0,220,72318,449
1,220,72318,1238
10,220,72318,2938
2,220,72318,812
2,220,72318,3295
8,220,72318,2489
1,220,72318,3154
1,220,72318,381
1,220,72318,102
1,11,72275,24183
3,11,72275,18675
0,11,72275,3112
2,11,72275,20796
0,11,72275,2587
0,11,72275,5469
0,11,72275,8404
0,11,72275,8426
0,11,72275,7913
1,11,72275,2402
1,11,72275,11127
7,136,71721,792
5,136,71721,467
0,136,71721,44
22,136,71721,2837
9,136,71721,1490
0,136,71721,66
6,136,71721,109334
0,0,69127,1994
85,372,68907,2809
26,372,68907,1013
0,372,68907,596
2,372,68907,347
4,372,68907,300
0,367,5438,134
3,367,5438,1197
5,367,5438,2360
9,367,5438,1797
4,367,5438,1099
8,367,5438,2577
2,367,5438,509
0,367,5438,327
3,430,7037,169
40,286,5282,642
2,286,5282,123
7,286,5282,244
13,286,5282,362
7,286,5282,197
12,286,5282,405
14,286,5282,759
2,286,5282,436
14,286,5282,804
20,286,5282,165
9,286,5282,111
16,148,2548,238
17,216,4774,18347
7,216,4774,901
3,216,4774,6102
49,216,4774,1740
2,216,4774,1070
0,216,4774,111
8,216,4774,476
1,216,4774,459
1,216,4774,225
23,31,3537,2816
24,31,3537,3012
20,31,3537,2263
17,31,3537,2295
15,31,3537,1856
16,31,3537,1298
25,31,3537,4797
23,31,3537,566
1,124,7518,681
0,3,2246,730
1,3,2246,800
0,3,2246,284
2,3,2246,683
15,3,2246,1763
0,3,2246,41
48,189,3475,3971
34,189,3475,262
2,189,3475,76
27,189,3475,2747
18,189,3475,2327
563,189,3475,52396
18,189,3475,15474
137,189,3475,4182
41,189,3475,899
11,189,3475,530
4,189,3475,483
0,189,3475,3926
31,24,3012,3537
23,24,3012,2816
20,24,3012,2263
17,24,3012,2295
15,24,3012,1856
16,24,3012,1298
25,24,3012,4797
23,24,3012,566
0,3,213,101
0,3,213,124
0,3,213,26
0,3,213,41
3,3,213,1803
5,3,213,1718
6,3,213,1496
2,3,213,189
1,3,213,48
3,138,2584,96
0,138,2584,18
286,138,2584,5282
59,138,2584,1603
12,138,2584,405
14,138,2584,759
9,138,2584,111
2,138,2584,123
40,138,2584,642
2,138,2584,36
53,138,2584,330
4,138,2584,558
2,138,2584,436
14,138,2584,804
14,138,2584,2166
3,365,2133,81
3,365,2133,1007
5,365,2133,453
5,365,2133,1076
10,365,2133,783
3,365,2133,846
1,365,2133,110
12,365,2133,7897
1,365,2133,58
76,365,2133,5664
35,365,2133,9641
1,365,2133,226
8,365,2133,1445
0,365,2133,74
0,365,2133,7
39,365,2133,1329
31,23,2816,3537
24,23,2816,3012
16,23,2816,1298
20,23,2816,2263
17,23,2816,2295
15,23,2816,1856
25,23,2816,4797
7,205,4075,599
43,205,4075,3144
25,205,4075,4757
6,329,3185,110
17,329,3185,24796
52,329,3185,10478
82,329,3185,15581
1,329,3185,9918
7,329,3185,5308
20,329,3185,5190
18,55,1393,15474
0,55,1393,3926
0,55,1393,113
5,55,1393,342
8,55,1393,522
7,55,1393,183
11,55,1393,197
0,55,1393,26
27,55,1393,2747
18,55,1393,2327
13,55,1393,1505
2,134,2663,1399
4,134,2663,390
3,134,2663,881
7,134,2663,286
7,121,5367,456
3,121,5367,734
1,121,5367,194
1,121,5367,86
2,121,5367,1028
24,121,5367,2749
4,121,5367,2511
0,121,5367,229
13,121,5367,1789
2,121,5367,1007
0,121,5367,555
5,121,5367,3385
0,121,5367,36
4,121,5367,388
2,121,5367,701
4,121,5367,2201
1,121,5367,567
5,108,3396,945
2,108,3396,988
3,108,3396,211
2,108,3396,118
2,108,3396,140
0,108,3396,899
0,108,3396,65
2,108,3396,2715
1,108,3396,359
0,108,3396,183
0,108,3396,445
0,108,3396,99
3,108,3396,1808
0,187,3998,178
0,187,3998,200
1,187,3998,375
31,20,2263,3537
23,20,2263,2816
24,20,2263,3012
17,20,2263,2295
15,20,2263,1856
16,20,2263,1298
25,20,2263,4797
23,20,2263,566
13,20,2263,366
22,20,2263,382
0,20,7027,216
0,20,7027,169
0,20,7027,232
0,20,7027,415
0,20,7027,320
0,20,7027,565
0,20,7027,286
1,20,7027,534
1,20,7027,532
0,20,7027,433
2,20,7027,140
2,20,7027,1580
15,20,7027,3128
15,20,7027,9756
11,20,7027,4113
20,20,7027,7027
3,20,7027,589
2,20,7027,946
8,20,7027,4130
11,20,7027,1558
7,74,599,301
45,74,599,576
8,74,599,120
42,74,599,299
16,74,599,163
8,74,599,197
11,74,599,107
3,74,599,96
7,74,599,69
22,74,599,149
1,74,599,86
25,74,599,506
5,74,599,49
16,74,599,319
1,74,599,34
18,74,599,409
4,134,4582,2900
0,134,4582,4
3,134,4582,639
1,134,4582,664
1,134,4582,1908
6,134,4582,17474
1,134,4582,2241
31,17,2295,3537
23,17,2295,2816
24,17,2295,3012
20,17,2295,2263
15,17,2295,1856
16,17,2295,1298
25,17,2295,4797
23,17,2295,566
13,17,2295,366
22,17,2295,382
11,135,1363,105
44,135,1363,297
12,135,1363,2951
28,135,1363,162
2,135,1363,393
2,135,1363,55
5,135,1363,203
1,135,1363,12
371,135,1363,28023
5,96,2679,217
2,96,2679,150
0,96,2679,424
0,96,2679,73
3,96,2679,600
0,96,2679,579
0,96,2679,752
0,96,2679,44
3,96,2679,581
12,96,2679,929
4,96,2679,391
0,96,2679,1211
4,96,2679,645
0,96,2679,212
2,96,2679,230
1,96,2679,2586
0,96,2679,180
31,15,1856,3537
24,15,1856,3012
23,15,1856,2816
16,15,1856,1298
20,15,1856,2263
17,15,1856,2295
25,15,1856,4797
20,166,2382,578
0,166,2382,51
3,166,2382,128
3,166,2382,201
0,166,2382,47
0,6,266,220
6,6,266,184
31,16,1298,3537
23,16,1298,2816
24,16,1298,3012
20,16,1298,2263
17,16,1298,2295
15,16,1298,1856
25,16,1298,4797
23,16,1298,566
13,16,1298,366
22,16,1298,382
11,149,1423,89
7,149,1423,97
4,149,1423,41
7,149,1423,77
5,149,1423,42
3,149,1423,46
2,149,1423,42
1,149,1423,628
2,149,1423,87
4,149,1423,1231
0,149,1423,223
17,149,1423,3391
7,149,1423,6035
39,149,1423,10958
5,149,1423,365
153,149,1423,81519
7,169,3130,83
2,169,3130,142
195,169,3130,5458
10,169,3130,94
5,169,3130,69
2,169,3130,63
4,169,3130,76
5,169,3130,74
1,169,3130,64
14,169,3130,257
1,169,3130,120
8,169,3130,151
4,169,3130,87
3,169,3130,295
28,169,3130,1794
4,169,3130,81
50,45,801,42199
4,45,801,3484
35,45,801,1507
21,45,801,5562
0,45,801,708
6,45,801,439
1,45,801,201
130,45,801,13881
6,75,1181,105
35,75,1181,456
276,93,2838,23984
36,93,2838,3340
15,93,2838,2074
20,93,2838,1810
46,93,2838,5478
29,93,2838,3156
16,93,2838,1049
18,93,2838,2363
22,93,2838,1844
21,93,2838,2690
9,93,2838,1371
15,93,2838,719
2,93,2838,303
1,93,2838,71
23,93,2838,798
13,93,2838,443
48,93,2838,3299
20,8,375,642
4,8,375,3378
5,8,375,7051
1,8,375,1034
0,8,375,697
0,8,375,695
1,8,375,537
0,8,375,635
1,8,375,502
1,8,375,518
0,8,375,741
1,8,375,397
0,8,375,152
0,8,375,1
15,110,1327,429
23,110,1327,981
7,110,1327,144
1,3,233,128
27,3,233,1112
8,3,233,2296
9,3,233,542
2,3,233,678
3,5,238,3677
11,5,238,4798
10,5,238,2391
0,5,238,274
30,5,238,12407
7,5,238,863
3,5,238,347
6,6,442,999
4,6,442,193
2,6,442,645
2,6,442,299
0,6,442,164
2,6,442,162
1,6,442,377
121,6,442,21738
1,6,442,123
67,48,892,1605
372,85,2809,68907
26,85,2809,1013
0,85,2809,596
2,85,2809,347
4,85,2809,300
8,6,446,2642
0,6,446,70
21,6,446,4928
20,6,446,3422
0,6,446,34
65,6,446,11836
5,6,446,1382
7,6,446,4351
11,6,446,2521
6,6,446,6666
9,6,446,1863
22,6,446,6212
4,6,446,1209
9,19,534,183
6,19,534,442
13,19,534,2987
2,19,534,421
0,19,534,95
2,19,534,334
11,19,534,1790
5,19,534,1079
0,19,534,219
6,19,534,5577
4,19,534,370
0,0,320,2388
5,0,320,1083
0,0,320,217
0,0,320,48
4,0,320,203
1,0,320,133
1,0,320,141
1,0,320,99
1,0,320,111
8,0,320,2024
7,0,320,6967
5,0,320,1267
22,0,518,6168
0,0,518,299
2,0,518,176
21,0,518,3892
11,0,518,2338
17,0,518,1735
3,0,518,2184
13,0,518,2506
11,0,518,1224
17,228,1272,1406
26,228,1272,222
4,228,1272,87
0,228,1272,129
6,228,1272,72
13,228,1272,95
6,1,292,442
9,1,292,183
19,1,292,534
28,1,292,5953
3,1,292,233
0,1,310,252
0,1,310,237
0,1,310,163
2,1,310,187
3,1,310,1584
5,1,310,306
0,1,310,235
0,1,310,1394
0,1,310,749
11,1,310,1160
7,1,310,1228
4,1,310,651
2,1,310,41
0,1,310,107
71,8,325,17748
44,8,325,9654
6,8,325,226
6,8,325,289
1,8,325,740
2,8,325,286
0,8,325,55
0,8,325,24
24,19,753,3185
0,19,753,2519
0,19,753,188
24,6,603,3185
19,6,603,753
10,6,603,3643
1,6,603,625
115,6,603,26508
8,6,603,1693
0,0,217,2388
5,0,217,1083
0,0,217,320
0,0,217,48
4,0,217,203
1,0,217,133
1,0,217,111
8,0,217,2024
7,0,217,6967
5,0,217,1267
6,0,217,2437
27,27,412,755
0,0,3384,7711
1,0,237,310
0,0,237,252
0,0,237,163
2,0,237,187
3,0,237,1584
5,0,237,306
0,0,237,235
0,0,237,1394
0,0,237,749
11,0,237,1160
7,0,237,1228
4,0,237,651
2,0,237,41
0,0,237,107
1,0,252,310
0,0,252,237
0,0,252,163
2,0,252,187
3,0,252,1584
5,0,252,306
0,0,252,235
0,0,252,1394
0,0,252,749
11,0,252,1160
7,0,252,1228
4,0,252,651
2,0,252,41
0,0,252,107
1408,135,1853,192477
1,2,187,310
0,2,187,252
0,2,187,237
0,2,187,163
3,2,187,1584
5,2,187,306
0,2,187,235
0,2,187,1394
0,2,187,749
11,2,187,1160
7,2,187,1228
4,2,187,651
2,2,187,41
0,2,187,107
3,2,828,1567
2,2,828,327
3,2,828,801
0,2,828,218
0,2,828,211
11,2,828,2833
13,2,828,8610
17,2,828,911
5,2,828,694
12,2,828,2542
0,2,828,224
5,2,828,1396
0,2,828,977
1,0,163,310
0,0,163,252
0,0,163,237
2,0,163,187
3,0,163,1584
5,0,163,306
0,0,163,235
0,0,163,1394
0,0,163,749
11,0,163,1160
7,0,163,1228
4,0,163,651
2,0,163,41
0,0,163,107
29,58,1293,32579
4,58,1293,446
16,58,1293,4529
6,58,1293,3543
5,58,1293,813
7,58,1293,1106
5,58,1293,408
0,5,290,321
1,5,290,65
5,5,290,165
4,66,981,98
20,66,981,494
23,66,981,808
113,51,634,1974
4,51,634,83
3,51,634,74
0,51,634,25
49,51,634,1529
0,51,634,40
21,54,1354,963
3,453,25701,414
2,453,25701,533
0,453,25701,216
3,453,25701,72
7,453,25701,609
39,453,25701,1780
8,453,25701,1691
4,507,19470,163
1,507,19470,185
0,507,19470,25
314,507,19470,6970
5,507,19470,1806
12,507,19470,3466
22,507,19470,754
21,507,19470,2265
1,507,19470,611
1,507,19470,254
4,507,19470,1417
4,507,19470,587
2,507,19470,240
1,507,19470,459
1,507,19470,315
0,507,19470,271
0,507,19470,183
25,371,28023,721
3,371,28023,286
14,371,28023,721
4,371,28023,572
7,371,28023,306
2,371,28023,141
39,371,28023,23662
39,371,28023,24989
167,350,22486,29422
7,275,28786,289
0,275,28786,20
45,275,28786,6332
1,275,28786,227
0,275,28786,24
59,275,28786,844
7,224,47698,1590
4,224,47698,907
2,224,47698,952
0,224,47698,693
1,224,47698,658
2,224,47698,593
2,224,47698,484
2,224,47698,389
0,224,47698,218
0,224,47698,183
2,224,47698,1501
2,224,47698,986
11,224,47698,7730
2,224,47698,271
1,224,47698,113
4,224,47698,4537
1,224,47698,111
0,224,47698,73
0,224,47698,83
0,224,47698,87
3,353,11898,111
1,353,11898,131
1,353,11898,36
35,353,11898,573
30,353,11898,1536
0,353,11898,87
0,353,11898,375
211,591,30064,19399
306,591,30064,12159
85,591,30064,21125
124,591,30064,11655
24,591,30064,6563
15,591,30064,818
56,591,30064,2741
138,591,30064,6386
11,591,30064,1199
2,591,30064,436
22,591,30064,4403
33,591,30064,4758
2,591,30064,277
110,110,529458,529458
1,110,529458,1602
0,110,529458,1107
204,157,64373,80917
106,157,64373,44301
113,157,64373,29434
14,157,64373,11123
35,157,64373,10211
8,157,64373,8867
19,940,31335,1062
29,940,31335,1057
5,940,31335,304
70,940,31335,1275
0,940,31335,245
4,940,31335,288
2,940,31335,257
7,940,31335,353
3,940,31335,299
5,940,31335,254
0,940,31335,109
1,940,31335,37
1,940,31335,112
0,940,31335,56
0,940,31335,29
3,940,31335,293
21,940,31335,707
5,940,31335,179
682,940,31335,10919
10,262,68704,2732
3,262,68704,1524
5,262,68704,1286
1,262,68704,650
12,262,68704,840
8,262,68704,1882
1,262,68704,336
3,262,68704,959
2,262,68704,296
0,262,68704,72
0,262,68704,120
0,262,68704,31
2,262,68704,524
0,262,68704,36
7,195,12759,692
15,195,12759,278
13,195,12759,1120
14,195,12759,3991
2,195,12759,442
0,195,12759,29
2,195,12759,247
0,243,7844,630
1,243,7844,251
9,243,7844,5527
33,243,7844,15796
5,243,7844,2303
52,243,7844,27217
24,243,7844,6205
29,243,7844,1733
4,154,10785,205
0,154,10785,291
11,154,10785,957
0,154,10785,79
5,450,39055,390
6,450,39055,273
1,450,39055,312
32,450,39055,21286
25,450,39055,9789
51,450,39055,27463
93,450,39055,5425
10,466,18565,226
5,466,18565,251
2,466,18565,269
0,466,18565,47
49,466,18565,531
0,466,18565,93
13,466,18565,759
4,466,18565,347
1,466,18565,1384
1,466,18565,574
36,320,55558,2133
23,320,55558,995
161,320,55558,38255
25,320,55558,897
34,320,55558,426
95,320,55558,11743
65,320,55558,3629
53,320,55558,14492
58,320,55558,8606
75,320,55558,15776
64,320,55558,6971
49,320,55558,4493
48,320,55558,2574
26,320,55558,3924
13,320,55558,386
14,320,55558,2757
6,320,55558,283
4,320,55558,1412
240,320,55558,35276
51,464,17356,2311
24,464,17356,1416
10,464,17356,175
1,464,17356,75
1,464,17356,471
35,464,17356,1776
0,464,17356,36
6,464,17356,290
5,464,17356,176
8,464,17356,85
19,464,17356,16600
89,464,17356,2554
3,464,17356,436
4,464,17356,126
3,464,17356,1452
0,464,17356,1443
1,464,17356,178
2,464,17356,989
11,464,17356,525
173,138,15179,37569
1,138,15179,239
5,138,15179,2288
7,138,15179,9202
3,261,25266,1089
1460,261,25266,82340
4,261,25266,445
8,261,25266,1126
5,261,25266,1060
47,261,25266,1188
2,261,25266,67
1,261,25266,137
0,261,25266,139
0,261,25266,99
1,261,25266,158
1,261,25266,165
1,261,25266,174
0,261,25266,25
180,106,44301,63429
80,106,44301,40628
7,106,44301,7337
4,106,44301,5819
12,106,44301,15224
123,106,44301,48815
204,106,44301,80917
157,106,44301,64373
168,106,44301,71356
132,106,44301,61207
36,106,44301,21931
55,106,44301,22338
60,106,44301,30302
31,106,44301,15699
14,106,44301,11123
0,117,64195,855
2,117,64195,3919
3,117,64195,3058
11,117,64195,9870
1,117,64195,2592
17,117,64195,5981
0,117,64195,1117
3,117,64195,2024
0,117,64195,622
0,117,64195,590
6,117,64195,4154
2,117,64195,1269
5,117,64195,2334
0,117,64195,1099
0,117,64195,1294
11,117,64195,3612
1,117,64195,2035
31,239,4163,1088
10,239,4163,252
5,239,4163,196
17,239,4163,372
1,239,4163,39
36,239,4163,520
4,254,10570,181
6,254,10570,348
17,254,10570,4028
7,254,10570,1421
1,219,9255,133
18,219,9255,304
0,219,9255,178
4,219,9255,111
14,219,9255,219
1,227,4596,154
61,227,4596,3137
7,227,4596,152
0,227,4596,141
34,172,14818,13611
1,172,14818,11186
1,172,14818,17
16,172,14818,15370
26,172,14818,20363
9,172,14818,4405
36,172,14818,29199
31,172,14818,35991
6,172,14818,27898
0,172,14818,9675
36,172,14818,14979
1,172,14818,9071
25,172,14818,33093
1,172,14818,5826
6,172,14818,2446
9,461,9514,340
1,461,9514,203
2,461,9514,376
0,461,9514,162
6,461,9514,279
1,461,9514,130
6,461,9514,140
6,461,9514,398
8,252,6124,258
28,252,6124,684
7,252,6124,473
2,252,6124,57
7,252,6124,48
2,252,6124,63
80,203,59045,30191
45,203,59045,14553
46,203,59045,18705
19,203,59045,13301
21,203,59045,9859
15,203,59045,1726
3,203,59045,1239
25,203,59045,9378
14,203,59045,8106
42,203,59045,8804
61,203,59045,10811
32,203,59045,6603
2,203,59045,418
197,203,59045,36035
68,203,59045,20949
86,203,59045,29596
360,203,59045,33367
119,203,59045,20900
14,203,59045,2757
148,203,59045,19308
563,2,34758,52396
41,2,34758,899
11,2,34758,530
941,2,34758,161826
60,86,33566,18711
5,86,33566,2856
4,86,33566,4868
1,86,33566,1919
0,86,33566,262
1,86,33566,607
0,86,33566,1084
3,86,33566,1851
0,86,33566,1943
0,86,33566,109
19,86,33566,13739
9,611,1774,2847
4,611,1774,10637
0,611,1774,469
11,611,1774,7300
3,611,1774,189
13,611,1774,508
0,611,1774,132
0,611,1774,202
0,611,1774,671
1,611,1774,1707
0,611,1774,52
0,611,1774,413
6,611,1774,4624
0,611,1774,28
9,611,1774,293
2,170,1279,60
2,170,1279,111
0,170,1279,80
0,170,1279,95
0,170,1279,66
0,170,1279,22
0,170,1279,18
8,136,1197,149
2,136,1197,101
10,136,1197,128
31,136,1197,377
9,136,1197,677
96,136,1197,1103
38,136,1197,728
81,136,1197,577
67,137,4421,6677
8,137,4421,379
15,137,4421,337
34,137,4421,1484
13,137,4421,2647
22,137,4421,1785
22,137,4421,3149
9,137,4421,971
5,137,4421,183
1776,137,4421,76738
0,137,4421,416
8,137,4421,712
4,137,4421,409
6,137,4421,221
16,137,4421,616
2,137,4421,50
3,137,4421,264
2,137,4421,57
1,137,4421,42
1,118,837,1155
8,118,837,9809
11,118,837,8216
2,118,837,665
1,118,837,1690
18,118,837,8171
6,118,837,31383
1,118,837,26202
14,118,837,2812
12,118,837,6018
15,118,837,6475
13,118,837,4027
0,118,837,5748
1,118,837,15737
23,116,1959,206
11,116,1959,109
5,116,1959,145
0,116,1959,266
1,116,1959,758
2,116,1959,566
0,116,1959,761
2,116,1959,2414
5,116,1959,246
0,116,1959,271
2,116,1959,1190
2,116,1959,267
0,167,727,32
0,167,727,40
443,167,727,332708
0,167,727,538
0,167,727,111
2862,133,6233,13881
27,133,6233,4627
86,133,6233,30555
30,133,6233,6353
37,133,6233,2784
32,133,6233,3110
13,133,6233,1398
11,133,6233,1905
133,133,6233,647
3,133,6233,741
35,133,6233,1443
16,133,6233,933
3,133,6233,182
14,133,6233,826
3,133,6233,405
5,133,6233,203
0,133,6233,48
9,133,6233,2113
2,110,775,529
0,110,775,9
19,110,775,9594
2,110,775,562
2,110,775,2672
0,110,775,569
1,110,775,439
8,110,775,1006
3,110,775,1294
1,110,775,708
43,101,441,18953
0,101,441,368
1,101,441,679
0,101,441,99
3,101,441,784
2,101,441,535
0,98,1092,1011
0,98,1092,1197
0,98,1092,834
0,98,1092,56
0,98,1092,25
3,98,1092,597
13,98,1092,23044
37,98,1092,9172
13,98,1092,5570
1,98,1092,63
0,98,1092,66
1,98,1092,160
0,98,1092,132
2,98,1092,1241
3,98,1092,1515
0,98,1092,100
1,98,1092,245
167,129,748,15381
0,129,748,311
2,129,748,762
3,129,748,312
12,129,748,3072
1,129,748,419
1,129,748,301
0,95,574,107
1,95,574,18
3,95,574,32159
2,95,574,351
0,95,574,47
1,95,574,1293
21,91,1401,963
1,86,911,300
7,86,911,208
9,86,911,189
2,86,911,185
19,86,911,1283
1,86,911,124
47,86,911,7830
0,86,911,204
2,86,911,340
7,84,998,304
16,84,998,180
0,84,998,33
120,84,998,1736
8,84,998,55
7,84,998,544
162,83,391,1009
5,83,391,79
2,83,391,32
2,83,391,46
1,83,391,7
4,83,391,22
57,83,391,224
2,82,675,1591
1,82,675,1116
208,82,675,102702
1,82,675,440
8,82,675,340
6,82,675,705
0,82,675,255
0,82,675,292
0,82,675,276
76,82,675,6520
0,82,675,569
2,82,675,175
4,82,675,1436
0,82,675,39
4,82,675,1313
7,82,675,26422
1,82,675,156
13,81,295,3100
7,81,295,1222
3,81,295,65
26,81,295,5707
7,81,295,11719
10,81,295,2963
15,81,295,5647
5,81,295,1237
2,81,295,1534
37,81,295,6699
30,81,295,5942
14,81,295,5281
3,81,295,1627
21,81,295,3017
15,81,295,4328
4,81,295,326
76,81,295,27177
9,83,1379,1653
0,83,1379,184
5,83,1379,230
56,83,1379,1532
0,83,1379,55
6,83,1379,129
71,92,3815,19636
32,92,3815,4760
0,92,3815,815
4,92,3815,4307
38,92,3815,4978
6,92,3815,325
14,92,3815,1300
9,92,3815,2195
5,92,3815,643
101,92,3815,11770
1,92,3815,67
0,92,3815,392
25,81,403,54813
28,81,403,42682
23,81,403,9872
27,81,577,162
136,81,577,1197
10,81,577,128
31,81,577,377
9,81,577,677
96,81,577,1103
38,81,577,728
0,75,159,13
7,75,159,33
8,75,159,31
14,75,159,46
12,75,159,31
2,74,376,299
3,74,376,656
0,74,376,114
5,74,376,316
4,74,376,285
0,74,376,107
0,74,376,30
0,74,376,228
0,74,376,276
0,74,376,44
0,74,376,50
3,74,376,390
3,74,376,1191
0,74,376,107
46,70,1864,8662
46,70,1864,4930
40,70,1864,5391
41,70,1864,9884
66,70,1864,3455
30,70,1864,4544
23,70,1864,3918
33,70,1864,5943
61,70,1864,3265
17,70,1864,1122
4,70,1864,352
8,70,1864,2978
2,74,651,13
7,74,651,113
13,74,651,110
22,74,651,184
71,74,651,1044
16,75,448,1399
19,75,448,6130
13,75,448,3487
2,75,448,295
8,75,448,3209
14,75,448,3074
0,75,448,182
2,75,448,189
10,75,448,3569
0,75,448,114
1,75,448,314
0,75,448,134
0,75,448,360
2,75,448,58
0,75,448,3
59,66,733,1870
9,66,733,253
57,66,733,1489
48,66,733,571
0,66,733,132
0,66,733,81
0,66,733,92
2,66,733,33
9,66,627,38
6,66,627,2211
5,66,627,1353
2,66,627,539
5,66,627,2257
5,66,627,502
0,66,627,59
2,66,627,89
1,66,627,31
2,66,627,824
3,66,627,3474
2,66,627,211
2,66,627,4738
13,66,627,2125
0,66,627,135
0,67,1441,46
5,67,1441,1938
2,67,1441,1616
10,67,1441,313
56,67,1441,10424
5,67,1441,3264
9,67,1441,357
2,67,1441,206
1,67,1441,143
6,67,1441,6388
0,73,520,51
2,73,520,68
2,73,520,98
1,73,520,25
1,73,520,48
47,73,520,63113
0,73,520,52
36,65,3629,2133
23,65,3629,995
161,65,3629,38255
320,65,3629,55558
25,65,3629,897
34,65,3629,426
95,65,3629,11743
53,65,3629,14492
58,65,3629,8606
75,65,3629,15776
64,65,3629,6971
49,65,3629,4493
48,65,3629,2574
26,65,3629,3924
13,65,3629,386
14,65,3629,2757
6,65,3629,283
4,65,3629,1412
240,65,3629,35276
464,69,186,17356
19,69,186,16600
4,69,186,4188
20,69,186,43382
8,69,186,2615
6,69,186,3245
5,69,186,3394
0,69,186,2412
3,69,186,1452
89,69,186,2554
3,69,186,436
51,69,186,2311
2,69,186,989
25,65,2783,2059
109,65,2783,7466
79,65,2783,2504
0,65,2783,264
167,65,2783,15381
168,65,2783,28206
26,65,2783,3054
34,65,900,5840
45,65,900,2281
32,65,900,2146
67,65,900,4751
74,65,900,1629
58,65,900,2837
33,65,900,2057
36,65,900,2573
33,65,900,3228
48,65,900,3628
15,65,900,4486
18,79,371,216
29,79,371,32579
16,79,371,4529
6,79,371,3543
5,79,371,813
4,79,371,446
7,79,371,1106
8,79,371,1733
1,79,371,646
153,79,371,22648
8,79,371,1236
0,79,371,245
23,57,203,91
10,57,203,170
8,57,203,103
5,57,203,163
2,57,203,26
2,57,203,42
48,814,3378,35588
6,814,3378,761
1,814,3378,1202
1,814,3378,755
2,814,3378,242
3,814,3378,357
2,814,3378,1195
2,814,3378,82
4,814,3378,448
32,814,3378,2041
6,814,3378,796
80,775,37220,125663
0,775,37220,3371
123,775,37220,8363
24,775,37220,3383
8,775,37220,256
53,775,37220,3498
2,775,37220,218
3,775,37220,3228
16,775,37220,1033
2,775,37220,1882
1,775,37220,148
11,775,37220,1018
14,775,37220,3231
10,775,37220,1021
83,775,37220,5203
0,775,37220,2052
3,775,37220,33
11,792,15903,254
8,792,15903,340
5,792,15903,296
5,792,15903,634
2,792,15903,249
2,792,15903,105
1,792,15903,104
4,792,15903,216
1,792,15903,32
2,792,15903,119
6,792,15903,10761
1,532,48603,86
70,532,48603,4454
45,532,48603,4709
109,532,48603,7466
168,532,48603,28206
129,532,48603,16203
167,532,48603,15381
95,532,48603,1135
20,532,48603,798
26,532,48603,368
79,532,48603,2504
12,532,48603,493
18,532,48603,15474
101,509,3710,1028
63,509,3710,524
125,509,3710,1370
109,509,3710,1161
9,509,3710,106
31,509,3710,117627
41,563,52396,899
16,563,52396,893
941,563,52396,161826
12,449,6991,325
21,449,6991,442
13,449,6991,377
8,449,6991,180
15,449,6991,352
1,449,6991,151
2,449,6991,22
2,449,6991,111
3,449,6991,39
1,449,6991,12
18,449,6991,4618
7,449,6991,2127
0,449,6991,598
0,449,6991,133189
10,449,6991,12275
20,449,6991,2345
4,449,6991,5481
10,364,2787,10269
9,364,2787,5095
3,364,2787,994
3,364,2787,1159
124,364,2787,7518
8,364,2787,12588
2,453,10322,93
17,453,10322,187
1,453,10322,1431
0,453,10322,221
3,453,10322,1194
0,453,10322,72
91,453,10322,20828
230,453,10322,32896
48,453,10322,33873
13,314,6970,409
0,314,6970,33
0,314,6970,71
0,314,6970,29
507,314,6970,19470
5,314,6970,1806
12,314,6970,3466
22,314,6970,754
21,314,6970,2265
1,314,6970,611
1,314,6970,254
4,314,6970,1417
4,314,6970,587
2,314,6970,240
1,314,6970,459
1,314,6970,315
0,314,6970,271
10,295,4163,293
5,295,4163,92
5,295,4163,65
26,295,4163,655
0,294,5310,21
1,294,5310,30
0,294,5310,213
0,294,5310,367
0,294,5310,7
0,294,5310,8
6,294,5310,2480
0,294,5310,14
26,294,5310,3932
2,294,5310,731
3,294,5310,153
0,294,5310,610
0,294,5310,58
14,284,59128,4765
50,284,59128,15214
17,284,59128,1053
2,284,59128,103
14,284,59128,9192
21,284,59128,12869
0,284,59128,311
0,284,59128,351
0,284,59128,18
0,284,59128,3
